{
  "rows": [
    {
      "scenario_name": "policy_12h_notification",
      "peak_stress": 0.7999721678974817,
      "governance_erosion_score": 0.672454920544557,
      "epistemic_integrity_proxy": 0.25285,
      "decision_friction_proxy": 0.4588,
      "platform_dependency_proxy": 0.58,
      "mosaic_response_proxy": 0.840049602722785,
      "archetype": "rapid_shock_plateau",
      "regime": "",
      "delta_vs_frictionless": {
        "peak_stress": 0.0,
        "governance_erosion_score": -0.02084386985590625,
        "epistemic_integrity_proxy": 0.0008718546417388895,
        "decision_friction_proxy": 0.012329253853538391,
        "platform_dependency_proxy": -0.07000000000000006,
        "mosaic_response_proxy": 0.0
      }
    },
    {
      "scenario_name": "policy_structured_dissent",
      "peak_stress": 0.7999721678974817,
      "governance_erosion_score": 0.6754788698559062,
      "epistemic_integrity_proxy": 0.25197814535826113,
      "decision_friction_proxy": 0.45947074614646155,
      "platform_dependency_proxy": 0.6,
      "mosaic_response_proxy": 0.8297,
      "archetype": "rapid_shock_plateau",
      "regime": "",
      "delta_vs_frictionless": {
        "peak_stress": 0.0,
        "governance_erosion_score": -0.017819920544557055,
        "epistemic_integrity_proxy": 0.0,
        "decision_friction_proxy": 0.012999999999999956,
        "platform_dependency_proxy": -0.050000000000000044,
        "mosaic_response_proxy": -0.010349602722784956
      }
    },
    {
      "scenario_name": "policy_automatic_sunset",
      "peak_stress": 0.7999721678974817,
      "governance_erosion_score": 0.675294920544557,
      "epistemic_integrity_proxy": 0.2531500000000001,
      "decision_friction_proxy": 0.45539999999999997,
      "platform_dependency_proxy": 0.59,
      "mosaic_response_proxy": 0.837949602722785,
      "archetype": "rapid_shock_plateau",
      "regime": "",
      "delta_vs_frictionless": {
        "peak_stress": 0.0,
        "governance_erosion_score": -0.018003869855906296,
        "epistemic_integrity_proxy": 0.0011718546417389675,
        "decision_friction_proxy": 0.008929253853538377,
        "platform_dependency_proxy": -0.06000000000000005,
        "mosaic_response_proxy": -0.0020999999999999908
      }
    },
    {
      "scenario_name": "policy_minimum_brake_package",
      "peak_stress": 0.7999721678974817,
      "governance_erosion_score": 0.651485,
      "epistemic_integrity_proxy": 0.25345000000000006,
      "decision_friction_proxy": 0.47200000000000003,
      "platform_dependency_proxy": 0.52,
      "mosaic_response_proxy": 0.8276,
      "archetype": "rapid_shock_plateau",
      "regime": "",
      "delta_vs_frictionless": {
        "peak_stress": 0.0,
        "governance_erosion_score": -0.04181379040046329,
        "epistemic_integrity_proxy": 0.0014718546417389344,
        "decision_friction_proxy": 0.025529253853538436,
        "platform_dependency_proxy": -0.13,
        "mosaic_response_proxy": -0.012449602722784947
      }
    }
  ]
}